{"COHORTS": 31, "cohort_women": [39, 30, 12, 54, 6, 9, 3, 126, 150, 135, 120, 159, 129, 411, 438, 408, 234, 268, 306, 75, 84, 75, 15, 15, 9, 46, 44, 39, 207, 228, 273], "cohort_men": [168, 153, 84, 123, 36, 63, 27, 399, 429, 444, 447, 519, 504, 1569, 1485, 1311, 1780, 1942, 2170, 387, 489, 426, 72, 87, 63, 131, 131, 132, 1008, 1155, 1215], "mu_modules_taken": [2.652173913043478, 6.80327868852459, 6.9375, 6.813559322033898, 5.714285714285714, 5.375, 5.0, 3.2285714285714286, 3.378238341968912, 3.6528497409326426, 3.2645502645502646, 3.420353982300885, 3.213270142180095, 1.603030303030303, 1.5273010920436818, 1.5724258289703317, 1.923038728897716, 2.061990950226244, 2.1651857835218093, 1.844155844155844, 1.9109947643979057, 1.658682634730539, 0.7586206896551724, 0.8823529411764706, 1.5416666666666667, 4.864406779661017, 4.714285714285714, 5.245614035087719, 1.5135802469135802, 1.4577006507592192, 1.7278225806451613], "TOPICS": 25, "MAXMODULES": 54, "MODULES": [13, 14, 17, 17, 10, 10, 10, 23, 37, 42, 24, 24, 26, 53, 54, 52, 28, 28, 29, 10, 9, 10, 1, 2, 2, 15, 15, 15, 22, 20, 20], "module_topics": 