,All,WomenMenDiff,Probability
0,-13.03157231604361,44.637457236401126,0.7767230365237853
1,9.053558666731178,-53.69532353602852,0.22327696347621478
